source,competition,round,match_id,team_a_id,team_b_id,team_a,team_b,team_a_display,team_b_display,location,score_a,score_b,status,link
lnr_top14,TOP14,j25,11479,stade-toulousain,lyon-ou,Stade Toulousain,Lyon OU,Stade Toulousain,LOU Rugby,home,39,31,finished,https://top14.lnr.fr/feuille-de-match/2025-2026/j25/11479-toulouse-lyon
lnr_top14,TOP14,j25,11481,usa-perpignan,castres-olympique,USA Perpignan,Castres Olympique,USA Perpignan,Castres Olympique,home,29,27,finished,https://top14.lnr.fr/feuille-de-match/2025-2026/j25/11481-perpignan-castres
lnr_top14,TOP14,j25,11478,stade-francais-paris,aviron-bayonnais,Stade Français Paris,Aviron Bayonnais,Stade Français Paris,Aviron Bayonnais,home,38,21,finished,https://top14.lnr.fr/feuille-de-match/2025-2026/j25/11478-paris-bayonne
lnr_top14,TOP14,j25,11480,us-montauban,stade-rochelais,US Montauban,Stade Rochelais,US Montauban,Stade Rochelais,home,15,71,finished,https://top14.lnr.fr/feuille-de-match/2025-2026/j25/11480-montauban-la-rochelle
lnr_top14,TOP14,j25,11476,montpellier-herault-rugby,section-paloise,Montpellier Hérault Rugby,Section Paloise,Montpellier Hérault Rugby,Section Paloise,home,26,18,finished,https://top14.lnr.fr/feuille-de-match/2025-2026/j25/11476-montpellier-pau
lnr_top14,TOP14,j25,11477,rc-toulonnais,union-bordeaux-begles,RC Toulonnais,Union Bordeaux Bègles,RC Toulon,Union Bordeaux-Bègles,home,27,22,finished,https://top14.lnr.fr/feuille-de-match/2025-2026/j25/11477-toulon-bordeaux-begles
lnr_top14,TOP14,j25,11475,asm-clermont-auvergne,racing-metro-92,ASM Clermont Auvergne,Racing Métro 92,ASM Clermont,Racing 92,home,13,41,finished,https://top14.lnr.fr/feuille-de-match/2025-2026/j25/11475-clermont-racing-92
urc_graphql,URC,urc_weekend_2026-05-29,287999,glasgow,connacht,Glasgow,Connacht,Glasgow Warriors,Connacht Rugby,home,33,21,finished,
urc_graphql,URC,urc_weekend_2026-05-30,288002,bulls,munster,Bulls,Munster,Bulls,Munster Rugby,home,45,14,finished,
urc_graphql,URC,urc_weekend_2026-05-30,288001,stormers,cardiff-rugby,Stormers,Cardiff Rugby,Stormers,Cardiff Rugby,home,44,21,finished,
urc_graphql,URC,urc_weekend_2026-05-30,288000,leinster,lions,Leinster,Lions,Leinster Rugby,Lions,home,59,10,finished,
urc_graphql,URC,urc_weekend_2026-06-06,288003,glasgow,bulls,Glasgow,Bulls,Glasgow Warriors,Bulls,home,21,22,finished,
lnr_top14,TOP14,j26,11487,stade-rochelais,stade-francais-paris,Stade Rochelais,Stade Français Paris,Stade Rochelais,Stade Français Paris,home,27,22,finished,https://top14.lnr.fr/feuille-de-match/2025-2026/j26/11487-la-rochelle-paris
lnr_top14,TOP14,j26,11484,lyon-ou,montpellier-herault-rugby,Lyon OU,Montpellier Hérault Rugby,LOU Rugby,Montpellier Hérault Rugby,home,25,28,finished,https://top14.lnr.fr/feuille-de-match/2025-2026/j26/11484-lyon-montpellier
lnr_top14,TOP14,j26,11486,section-paloise,us-montauban,Section Paloise,US Montauban,Section Paloise,US Montauban,home,71,35,finished,https://top14.lnr.fr/feuille-de-match/2025-2026/j26/11486-pau-montauban
lnr_top14,TOP14,j26,11483,castres-olympique,rc-toulonnais,Castres Olympique,RC Toulonnais,Castres Olympique,RC Toulon,home,38,21,finished,https://top14.lnr.fr/feuille-de-match/2025-2026/j26/11483-castres-toulon
lnr_top14,TOP14,j26,11488,union-bordeaux-begles,asm-clermont-auvergne,Union Bordeaux Bègles,ASM Clermont Auvergne,Union Bordeaux-Bègles,ASM Clermont,home,31,34,finished,https://top14.lnr.fr/feuille-de-match/2025-2026/j26/11488-bordeaux-begles-clermont
lnr_top14,TOP14,j26,11485,racing-metro-92,stade-toulousain,Racing Métro 92,Stade Toulousain,Racing 92,Stade Toulousain,home,31,20,finished,https://top14.lnr.fr/feuille-de-match/2025-2026/j26/11485-racing-92-toulouse
lnr_top14,TOP14,j26,11482,aviron-bayonnais,usa-perpignan,Aviron Bayonnais,USA Perpignan,Aviron Bayonnais,USA Perpignan,home,52,7,finished,https://top14.lnr.fr/feuille-de-match/2025-2026/j26/11482-bayonne-perpignan
urc_graphql,URC,urc_weekend_2026-06-06,288004,leinster,stormers,Leinster,Stormers,Leinster Rugby,Stormers,home,20,11,finished,
premiership_rugbyviz,PREMIERSHIP,premiership_round_18,289012,bath-rugby,leicester-tigers,Bath Rugby,Leicester Tigers,Bath Rugby,Leicester Tigers,home,24,22,finished,
premiership_rugbyviz,PREMIERSHIP,premiership_round_18,289016,sale-sharks,bristol-bears,Sale Sharks,Bristol Bears,Sale Sharks,Bristol Bears,home,38,17,finished,
premiership_rugbyviz,PREMIERSHIP,premiership_round_18,289015,harlequins,northampton-saints,Harlequins,Northampton Saints,Harlequins,Northampton Saints,home,38,31,finished,
premiership_rugbyviz,PREMIERSHIP,premiership_round_18,289014,gloucester,newcastle-red-bulls,Gloucester,Newcastle Red Bulls,Gloucester Rugby,Newcastle Red Bulls,home,54,21,finished,
premiership_rugbyviz,PREMIERSHIP,premiership_round_18,289013,exeter-chiefs,saracens,Exeter Chiefs,Saracens,Exeter Chiefs,Saracens,home,32,12,finished,
premiership_rugbyviz,PREMIERSHIP,premiership_round_19,289017,northampton-saints,leicester-tigers,Northampton Saints,Leicester Tigers,Northampton Saints,Leicester Tigers,home,45,31,finished,
premiership_rugbyviz,PREMIERSHIP,premiership_round_19,289018,bath-rugby,exeter-chiefs,Bath Rugby,Exeter Chiefs,Bath Rugby,Exeter Chiefs,home,26,27,finished,
lnr_top14,TOP14,barrage,11795,section-paloise,racing-metro-92,Section Paloise,Racing Métro 92,Section Paloise,Racing 92,home,31,33,finished,https://top14.lnr.fr/feuille-de-match/2025-2026/barrage/11795-pau-racing-92
lnr_top14,TOP14,barrage,11796,stade-francais-paris,stade-rochelais,Stade Français Paris,Stade Rochelais,Stade Français Paris,Stade Rochelais,home,45,5,finished,https://top14.lnr.fr/feuille-de-match/2025-2026/barrage/11796-paris-la-rochelle
urc_graphql,URC,urc_weekend_2026-06-19,288005,leinster,bulls,Leinster,Bulls,Leinster Rugby,Bulls,home,36,7,finished,
lnr_top14,TOP14,demi-finale,11797,stade-toulousain,racing-metro-92,Stade Toulousain,Racing Métro 92,Stade Toulousain,Racing 92,home,71,17,finished,https://top14.lnr.fr/feuille-de-match/2025-2026/demi-finale/11797-toulouse-racing-92
premiership_rugbyviz,PREMIERSHIP,premiership_round_20,289019,northampton-saints,exeter-chiefs,Northampton Saints,Exeter Chiefs,Northampton Saints,Exeter Chiefs,home,26,17,finished,
lnr_top14,TOP14,demi-finale,11798,montpellier-herault-rugby,stade-francais-paris,Montpellier Hérault Rugby,Stade Français Paris,Montpellier Hérault Rugby,Stade Français Paris,home,25,15,finished,https://top14.lnr.fr/feuille-de-match/2025-2026/demi-finale/11798-montpellier-paris
lnr_top14,TOP14,finale,11800,stade-toulousain,montpellier-herault-rugby,Stade Toulousain,Montpellier Hérault Rugby,Stade Toulousain,Montpellier Hérault Rugby,home,28,20,finished,https://top14.lnr.fr/feuille-de-match/2025-2026/finale/11800-toulouse-montpellier
lnr_top14,TOP14,j1,11825,stade-francais-paris,usa-perpignan,Stade Français Paris,USA Perpignan,Stade Français Paris,USA Perpignan,home,28,26,finished,https://top14.lnr.fr/feuille-de-match/2026-2027/j1/11825-paris-perpignan
lnr_top14,TOP14,j1,11819,aviron-bayonnais,rc-toulonnais,Aviron Bayonnais,RC Toulonnais,Aviron Bayonnais,RC Toulon,home,27,26,finished,https://top14.lnr.fr/feuille-de-match/2026-2027/j1/11819-bayonne-toulon
lnr_top14,TOP14,j1,11824,montpellier-herault-rugby,section-paloise,Montpellier Hérault Rugby,Section Paloise,Montpellier Hérault Rugby,Section Paloise,home,19,27,finished,https://top14.lnr.fr/feuille-de-match/2026-2027/j1/11824-montpellier-pau
lnr_top14,TOP14,j1,11821,castres-olympique,rc-vannes,Castres Olympique,RC Vannes,Castres Olympique,RC Vannes,home,29,20,finished,https://top14.lnr.fr/feuille-de-match/2026-2027/j1/11821-castres-vannes
lnr_top14,TOP14,j1,11823,lyon-ou,asm-clermont-auvergne,Lyon OU,ASM Clermont Auvergne,LOU Rugby,ASM Clermont,home,40,36,finished,https://top14.lnr.fr/feuille-de-match/2026-2027/j1/11823-lyon-clermont
lnr_top14,TOP14,j1,11820,union-bordeaux-begles,racing-metro-92,Union Bordeaux Bègles,Racing Métro 92,Union Bordeaux-Bègles,Racing 92,home,64,5,finished,https://top14.lnr.fr/feuille-de-match/2026-2027/j1/11820-bordeaux-begles-racing-92
lnr_top14,TOP14,j1,11822,stade-rochelais,stade-toulousain,Stade Rochelais,Stade Toulousain,Stade Rochelais,Stade Toulousain,home,30,27,finished,https://top14.lnr.fr/feuille-de-match/2026-2027/j1/11822-la-rochelle-toulouse
lnr_top14,TOP14,j2,11828,asm-clermont-auvergne,stade-francais-paris,ASM Clermont Auvergne,Stade Français Paris,ASM Clermont,Stade Français Paris,home,25,16,finished,https://top14.lnr.fr/feuille-de-match/2026-2027/j2/11828-clermont-paris
lnr_top14,TOP14,j2,11830,racing-metro-92,lyon-ou,Racing Métro 92,Lyon OU,Racing 92,LOU Rugby,home,31,48,finished,https://top14.lnr.fr/feuille-de-match/2026-2027/j2/11830-racing-92-lyon
lnr_top14,TOP14,j2,11827,rc-vannes,montpellier-herault-rugby,RC Vannes,Montpellier Hérault Rugby,RC Vannes,Montpellier Hérault Rugby,home,12,26,finished,https://top14.lnr.fr/feuille-de-match/2026-2027/j2/11827-vannes-montpellier
lnr_top14,TOP14,j2,11829,section-paloise,aviron-bayonnais,Section Paloise,Aviron Bayonnais,Section Paloise,Aviron Bayonnais,home,70,28,finished,https://top14.lnr.fr/feuille-de-match/2026-2027/j2/11829-pau-bayonne
lnr_top14,TOP14,j2,11826,usa-perpignan,castres-olympique,USA Perpignan,Castres Olympique,USA Perpignan,Castres Olympique,home,43,29,finished,https://top14.lnr.fr/feuille-de-match/2026-2027/j2/11826-perpignan-castres
lnr_top14,TOP14,j2,11831,rc-toulonnais,stade-rochelais,RC Toulonnais,Stade Rochelais,RC Toulon,Stade Rochelais,home,20,21,finished,https://top14.lnr.fr/feuille-de-match/2026-2027/j2/11831-toulon-la-rochelle
lnr_top14,TOP14,j2,11832,stade-toulousain,union-bordeaux-begles,Stade Toulousain,Union Bordeaux Bègles,Stade Toulousain,Union Bordeaux-Bègles,home,48,12,finished,https://top14.lnr.fr/feuille-de-match/2026-2027/j2/11832-toulouse-bordeaux-begles
lnr_top14,TOP14,j3,11836,castres-olympique,rc-toulonnais,Castres Olympique,RC Toulonnais,Castres Olympique,RC Toulon,home,29,27,finished,https://top14.lnr.fr/feuille-de-match/2026-2027/j3/11836-castres-toulon
lnr_top14,TOP14,j3,11837,stade-rochelais,racing-metro-92,Stade Rochelais,Racing Métro 92,Stade Rochelais,Racing 92,home,10,20,finished,https://top14.lnr.fr/feuille-de-match/2026-2027/j3/11837-la-rochelle-racing-92
lnr_top14,TOP14,j3,11839,montpellier-herault-rugby,usa-perpignan,Montpellier Hérault Rugby,USA Perpignan,Montpellier Hérault Rugby,USA Perpignan,home,50,13,finished,https://top14.lnr.fr/feuille-de-match/2026-2027/j3/11839-montpellier-perpignan
lnr_top14,TOP14,j3,11833,aviron-bayonnais,asm-clermont-auvergne,Aviron Bayonnais,ASM Clermont Auvergne,Aviron Bayonnais,ASM Clermont,home,46,24,finished,https://top14.lnr.fr/feuille-de-match/2026-2027/j3/11833-bayonne-clermont
lnr_top14,TOP14,j3,11838,lyon-ou,section-paloise,Lyon OU,Section Paloise,LOU Rugby,Section Paloise,home,51,25,finished,https://top14.lnr.fr/feuille-de-match/2026-2027/j3/11838-lyon-pau
lnr_top14,TOP14,j3,11835,rc-vannes,stade-toulousain,RC Vannes,Stade Toulousain,RC Vannes,Stade Toulousain,home,23,29,finished,https://top14.lnr.fr/feuille-de-match/2026-2027/j3/11835-vannes-toulouse
lnr_top14,TOP14,j3,11834,union-bordeaux-begles,stade-francais-paris,Union Bordeaux Bègles,Stade Français Paris,Union Bordeaux-Bègles,Stade Français Paris,home,40,10,finished,https://top14.lnr.fr/feuille-de-match/2026-2027/j3/11834-bordeaux-begles-paris
premiership_rugbyviz,PREMIERSHIP,premiership_round_1,294908,harlequins,bath-rugby,Harlequins,Bath Rugby,Harlequins,Bath Rugby,home,17,33,finished,
premiership_rugbyviz,PREMIERSHIP,premiership_round_1,294909,northampton-saints,newcastle-red-bulls,Northampton Saints,Newcastle Red Bulls,Northampton Saints,Newcastle Red Bulls,home,59,26,finished,
urc_graphql,URC,urc_weekend_2026-09-25,292584,benetton,dragons,Benetton,Dragons,Benetton Rugby,Dragons RFC,home,19,19,finished,
urc_graphql,URC,urc_weekend_2026-09-25,292585,connacht,stormers,Connacht,Stormers,Connacht Rugby,Stormers,home,15,29,finished,
urc_graphql,URC,urc_weekend_2026-09-25,292586,ulster,edinburgh,Ulster,Edinburgh,Ulster Rugby,Edinburgh Rugby,home,29,34,finished,
lnr_top14,TOP14,j4,11840,usa-perpignan,union-bordeaux-begles,USA Perpignan,Union Bordeaux Bègles,USA Perpignan,Union Bordeaux-Bègles,home,38,25,finished,https://top14.lnr.fr/feuille-de-match/2026-2027/j4/11840-perpignan-bordeaux-begles
urc_graphql,URC,urc_weekend_2026-09-26,292587,lions,leinster,Lions,Leinster,Lions,Leinster Rugby,home,27,26,finished,
lnr_top14,TOP14,j4,11845,rc-toulonnais,rc-vannes,RC Toulonnais,RC Vannes,RC Toulon,RC Vannes,home,28,10,finished,https://top14.lnr.fr/feuille-de-match/2026-2027/j4/11845-toulon-vannes
lnr_top14,TOP14,j4,11842,stade-francais-paris,lyon-ou,Stade Français Paris,Lyon OU,Stade Français Paris,LOU Rugby,home,31,10,finished,https://top14.lnr.fr/feuille-de-match/2026-2027/j4/11842-paris-lyon
lnr_top14,TOP14,j4,11844,racing-metro-92,aviron-bayonnais,Racing Métro 92,Aviron Bayonnais,Racing 92,Aviron Bayonnais,home,17,20,finished,https://top14.lnr.fr/feuille-de-match/2026-2027/j4/11844-racing-92-bayonne
lnr_top14,TOP14,j4,11841,asm-clermont-auvergne,castres-olympique,ASM Clermont Auvergne,Castres Olympique,ASM Clermont,Castres Olympique,home,20,6,finished,https://top14.lnr.fr/feuille-de-match/2026-2027/j4/11841-clermont-castres
urc_graphql,URC,urc_weekend_2026-09-26,292588,the-sharks,ospreys,The Sharks,Ospreys,Sharks,Ospreys,home,41,24,finished,
premiership_rugbyviz,PREMIERSHIP,premiership_round_1,294910,exeter-chiefs,gloucester,Exeter Chiefs,Gloucester,Exeter Chiefs,Gloucester Rugby,home,24,45,finished,
urc_graphql,URC,urc_weekend_2026-09-26,292589,munster,glasgow,Munster,Glasgow,Munster Rugby,Glasgow Warriors,home,20,26,finished,
urc_graphql,URC,urc_weekend_2026-09-26,292590,zebre,bulls,Zebre,Bulls,Zebre Parma,Bulls,home,13,47,finished,
urc_graphql,URC,urc_weekend_2026-09-26,292591,scarlets,cardiff-rugby,Scarlets,Cardiff Rugby,Scarlets,Cardiff Rugby,home,15,21,finished,
premiership_rugbyviz,PREMIERSHIP,premiership_round_1,294911,sale-sharks,bristol-bears,Sale Sharks,Bristol Bears,Sale Sharks,Bristol Bears,home,24,34,finished,
lnr_top14,TOP14,j4,11843,section-paloise,stade-rochelais,Section Paloise,Stade Rochelais,Section Paloise,Stade Rochelais,home,39,17,finished,https://top14.lnr.fr/feuille-de-match/2026-2027/j4/11843-pau-la-rochelle
premiership_rugbyviz,PREMIERSHIP,premiership_round_1,294912,leicester-tigers,saracens,Leicester Tigers,Saracens,Leicester Tigers,Saracens,home,38,40,finished,
lnr_top14,TOP14,j4,11846,stade-toulousain,montpellier-herault-rugby,Stade Toulousain,Montpellier Hérault Rugby,Stade Toulousain,Montpellier Hérault Rugby,home,40,18,finished,https://top14.lnr.fr/feuille-de-match/2026-2027/j4/11846-toulouse-montpellier
urc_graphql,URC,urc_weekend_2026-10-02,292592,cardiff-rugby,zebre,Cardiff Rugby,Zebre,Cardiff Rugby,Zebre Parma,home,40,27,finished,
urc_graphql,URC,urc_weekend_2026-10-02,292593,edinburgh,stormers,Edinburgh,Stormers,Edinburgh Rugby,Stormers,home,17,13,finished,
urc_graphql,URC,urc_weekend_2026-10-02,292594,benetton,connacht,Benetton,Connacht,Benetton Rugby,Connacht Rugby,home,19,22,finished,
premiership_rugbyviz,PREMIERSHIP,premiership_round_2,294913,bath-rugby,exeter-chiefs,Bath Rugby,Exeter Chiefs,Bath Rugby,Exeter Chiefs,home,40,34,finished,
lnr_top14,TOP14,j5,11848,union-bordeaux-begles,lyon-ou,Union Bordeaux Bègles,Lyon OU,Union Bordeaux-Bègles,LOU Rugby,home,51,28,finished,https://top14.lnr.fr/feuille-de-match/2026-2027/j5/11848-bordeaux-begles-lyon
lnr_top14,TOP14,j5,11853,racing-metro-92,usa-perpignan,Racing Métro 92,USA Perpignan,Racing 92,USA Perpignan,home,55,25,finished,https://top14.lnr.fr/feuille-de-match/2026-2027/j5/11853-racing-92-perpignan
lnr_top14,TOP14,j5,11847,aviron-bayonnais,stade-francais-paris,Aviron Bayonnais,Stade Français Paris,Aviron Bayonnais,Stade Français Paris,home,35,32,finished,https://top14.lnr.fr/feuille-de-match/2026-2027/j5/11847-bayonne-paris
lnr_top14,TOP14,j5,11849,rc-vannes,section-paloise,RC Vannes,Section Paloise,RC Vannes,Section Paloise,home,40,43,finished,https://top14.lnr.fr/feuille-de-match/2026-2027/j5/11849-vannes-pau
lnr_top14,TOP14,j5,11851,stade-rochelais,asm-clermont-auvergne,Stade Rochelais,ASM Clermont Auvergne,Stade Rochelais,ASM Clermont,home,38,13,finished,https://top14.lnr.fr/feuille-de-match/2026-2027/j5/11851-la-rochelle-clermont
urc_graphql,URC,urc_weekend_2026-10-03,292595,lions,ospreys,Lions,Ospreys,Lions,Ospreys,home,35,19,finished,
urc_graphql,URC,urc_weekend_2026-10-03,292596,dragons,scarlets,Dragons,Scarlets,Dragons RFC,Scarlets,home,38,26,finished,
premiership_rugbyviz,PREMIERSHIP,premiership_round_2,294914,bristol-bears,northampton-saints,Bristol Bears,Northampton Saints,Bristol Bears,Northampton Saints,home,41,26,finished,
urc_graphql,URC,urc_weekend_2026-10-03,292597,the-sharks,leinster,The Sharks,Leinster,Sharks,Leinster Rugby,home,26,20,finished,
urc_graphql,URC,urc_weekend_2026-10-03,292599,glasgow,ulster,Glasgow,Ulster,Glasgow Warriors,Ulster Rugby,home,33,33,finished,
premiership_rugbyviz,PREMIERSHIP,premiership_round_2,294915,gloucester,harlequins,Gloucester,Harlequins,Gloucester Rugby,Harlequins,home,48,0,finished,
lnr_top14,TOP14,j5,11850,castres-olympique,stade-toulousain,Castres Olympique,Stade Toulousain,Castres Olympique,Stade Toulousain,home,7,8,finished,https://top14.lnr.fr/feuille-de-match/2026-2027/j5/11850-castres-toulouse
urc_graphql,URC,urc_weekend_2026-10-03,292598,munster,bulls,Munster,Bulls,Munster Rugby,Bulls,home,26,22,finished,
premiership_rugbyviz,PREMIERSHIP,premiership_round_2,294916,newcastle-red-bulls,leicester-tigers,Newcastle Red Bulls,Leicester Tigers,Newcastle Red Bulls,Leicester Tigers,home,19,24,finished,
premiership_rugbyviz,PREMIERSHIP,premiership_round_2,294917,saracens,sale-sharks,Saracens,Sale Sharks,Saracens,Sale Sharks,home,17,21,finished,
lnr_top14,TOP14,j5,11852,montpellier-herault-rugby,rc-toulonnais,Montpellier Hérault Rugby,RC Toulonnais,Montpellier Hérault Rugby,RC Toulon,home,28,0,finished,https://top14.lnr.fr/feuille-de-match/2026-2027/j5/11852-montpellier-toulon
urc_graphql,URC,urc_weekend_2026-10-09,292600,glasgow,connacht,Glasgow,Connacht,Glasgow Warriors,Connacht Rugby,home,36,19,finished,
urc_graphql,URC,urc_weekend_2026-10-09,292601,dragons,ospreys,Dragons,Ospreys,Dragons RFC,Ospreys,home,31,38,finished,
premiership_rugbyviz,PREMIERSHIP,premiership_round_3,294918,leicester-tigers,gloucester,Leicester Tigers,Gloucester,Leicester Tigers,Gloucester Rugby,home,38,31,finished,
lnr_top14,TOP14,j6,11857,stade-francais-paris,montpellier-herault-rugby,Stade Français Paris,Montpellier Hérault Rugby,Stade Français Paris,Montpellier Hérault Rugby,home,30,22,finished,https://top14.lnr.fr/feuille-de-match/2026-2027/j6/11857-paris-montpellier
urc_graphql,URC,urc_weekend_2026-10-10,292602,bulls,lions,Bulls,Lions,Bulls,Lions,home,57,15,finished,
lnr_top14,TOP14,j6,11854,usa-perpignan,rc-vannes,USA Perpignan,RC Vannes,USA Perpignan,RC Vannes,home,21,12,finished,https://top14.lnr.fr/feuille-de-match/2026-2027/j6/11854-perpignan-vannes
lnr_top14,TOP14,j6,11859,rc-toulonnais,racing-metro-92,RC Toulonnais,Racing Métro 92,RC Toulon,Racing 92,home,29,15,finished,https://top14.lnr.fr/feuille-de-match/2026-2027/j6/11859-toulon-racing-92
lnr_top14,TOP14,j6,11856,lyon-ou,stade-rochelais,Lyon OU,Stade Rochelais,LOU Rugby,Stade Rochelais,home,16,28,finished,https://top14.lnr.fr/feuille-de-match/2026-2027/j6/11856-lyon-la-rochelle
lnr_top14,TOP14,j6,11858,section-paloise,castres-olympique,Section Paloise,Castres Olympique,Section Paloise,Castres Olympique,home,35,26,finished,https://top14.lnr.fr/feuille-de-match/2026-2027/j6/11858-pau-castres
urc_graphql,URC,urc_weekend_2026-10-10,292603,stormers,the-sharks,Stormers,The Sharks,Stormers,Sharks,home,39,22,finished,
urc_graphql,URC,urc_weekend_2026-10-10,292604,zebre,edinburgh,Zebre,Edinburgh,Zebre Parma,Edinburgh Rugby,home,12,29,finished,
urc_graphql,URC,urc_weekend_2026-10-10,292605,scarlets,benetton,Scarlets,Benetton,Scarlets,Benetton Rugby,home,27,26,finished,
urc_graphql,URC,urc_weekend_2026-10-10,292606,ulster,munster,Ulster,Munster,Ulster Rugby,Munster Rugby,home,26,26,finished,
premiership_rugbyviz,PREMIERSHIP,premiership_round_3,294919,northampton-saints,bath-rugby,Northampton Saints,Bath Rugby,Northampton Saints,Bath Rugby,home,71,48,finished,
premiership_rugbyviz,PREMIERSHIP,premiership_round_3,294920,saracens,bristol-bears,Saracens,Bristol Bears,Saracens,Bristol Bears,home,30,7,finished,
lnr_top14,TOP14,j6,11855,asm-clermont-auvergne,union-bordeaux-begles,ASM Clermont Auvergne,Union Bordeaux Bègles,ASM Clermont,Union Bordeaux-Bègles,home,22,23,finished,https://top14.lnr.fr/feuille-de-match/2026-2027/j6/11855-clermont-bordeaux-begles
urc_graphql,URC,urc_weekend_2026-10-10,292607,leinster,cardiff-rugby,Leinster,Cardiff Rugby,Leinster Rugby,Cardiff Rugby,home,29,5,finished,
