rank,previous_rank,rank_change,club_id,team,model_name,points,previous_points,points_change,logo,league,league_logo
1,1,0,stade-toulousain,Stade Toulousain,Stade Toulousain,1773,1768,5,assets/img/clubs/stade-toulousain.png,TOP14,assets/img/competitions/top14.png
2,2,0,union-bordeaux-begles,Union Bordeaux-Bègles,Union Bordeaux Bègles,1733,1727,6,assets/img/clubs/union-bordeaux-begles.png,TOP14,assets/img/competitions/top14.png
3,3,0,leinster,Leinster Rugby,Leinster,1695,1713,-18,assets/img/clubs/leinster.png,URC,assets/img/competitions/urc.svg
4,4,0,northampton-saints,Northampton Saints,Northampton Saints,1687,1703,-16,assets/img/clubs/northampton-saints.png,PREMIERSHIP,assets/img/competitions/premiership.png
5,5,0,bath-rugby,Bath Rugby,Bath Rugby,1687,1680,7,assets/img/clubs/bath-rugby.png,PREMIERSHIP,assets/img/competitions/premiership.png
6,6,0,montpellier-herault-rugby,Montpellier Hérault Rugby,Montpellier Hérault Rugby,1663,1663,0,assets/img/clubs/montpellier-herault-rugby.png,TOP14,assets/img/competitions/top14.png
7,7,0,glasgow,Glasgow Warriors,Glasgow,1650,1657,-7,assets/img/clubs/glasgow.png,URC,assets/img/competitions/urc.svg
8,8,0,bulls,Bulls,Bulls,1629,1644,-15,assets/img/clubs/bulls.png,URC,assets/img/competitions/urc.svg
9,9,0,leicester-tigers,Leicester Tigers,Leicester Tigers,1617,1615,2,assets/img/clubs/leicester-tigers.png,PREMIERSHIP,assets/img/competitions/premiership.png
10,14,4,stade-rochelais,Stade Rochelais,Stade Rochelais,1578,1565,13,assets/img/clubs/stade-rochelais.png,TOP14,assets/img/competitions/top14.png
11,15,4,section-paloise,Section Paloise,Section Paloise,1567,1564,3,assets/img/clubs/section-paloise.png,TOP14,assets/img/competitions/top14.png
12,10,-2,stormers,Stormers,Stormers,1562,1577,-15,assets/img/clubs/stormers.svg,URC,assets/img/competitions/urc.svg
13,13,0,exeter-chiefs,Exeter Chiefs,Exeter Chiefs,1561,1568,-7,assets/img/clubs/exeter-chiefs.png,PREMIERSHIP,assets/img/competitions/premiership.png
14,12,-2,stade-francais-paris,Stade Français Paris,Stade Français Paris,1556,1570,-14,assets/img/clubs/stade-francais-paris.png,TOP14,assets/img/competitions/top14.png
15,17,2,bristol-bears,Bristol Bears,Bristol Bears,1556,1540,16,assets/img/clubs/bristol-bears.png,PREMIERSHIP,assets/img/competitions/premiership.png
16,11,-5,saracens,Saracens,Saracens,1555,1573,-18,assets/img/clubs/saracens.svg,PREMIERSHIP,assets/img/competitions/premiership.png
17,16,-1,racing-metro-92,Racing 92,Racing Métro 92,1548,1540,8,assets/img/clubs/racing-metro-92.png,TOP14,assets/img/competitions/top14.png
18,19,1,munster,Munster Rugby,Munster,1521,1506,15,assets/img/clubs/munster.png,URC,assets/img/competitions/urc.svg
19,18,-1,asm-clermont-auvergne,ASM Clermont,ASM Clermont Auvergne,1512,1525,-13,assets/img/clubs/asm-clermont-auvergne.png,TOP14,assets/img/competitions/top14.png
20,21,1,the-sharks,Sharks,The Sharks,1507,1489,18,assets/img/clubs/the-sharks.png,URC,assets/img/competitions/urc.svg
21,20,-1,rc-toulonnais,RC Toulon,RC Toulonnais,1505,1505,0,assets/img/clubs/rc-toulonnais.png,TOP14,assets/img/competitions/top14.png
22,24,2,aviron-bayonnais,Aviron Bayonnais,Aviron Bayonnais,1492,1478,14,assets/img/clubs/aviron-bayonnais.png,TOP14,assets/img/competitions/top14.png
23,28,5,gloucester,Gloucester Rugby,Gloucester,1489,1473,16,assets/img/clubs/gloucester.png,PREMIERSHIP,assets/img/competitions/premiership.png
24,23,-1,ulster,Ulster Rugby,Ulster,1488,1481,7,assets/img/clubs/ulster.png,URC,assets/img/competitions/urc.svg
25,25,0,lions,Lions,Lions,1486,1476,10,assets/img/clubs/lions.png,URC,assets/img/competitions/urc.svg
26,29,3,connacht,Connacht Rugby,Connacht,1484,1470,14,assets/img/clubs/connacht.png,URC,assets/img/competitions/urc.svg
27,30,3,sale-sharks,Sale Sharks,Sale Sharks,1483,1465,18,assets/img/clubs/sale-sharks.svg,PREMIERSHIP,assets/img/competitions/premiership.png
28,22,-6,lyon-ou,LOU Rugby,Lyon OU,1476,1482,-6,assets/img/clubs/lyon-ou.png,TOP14,assets/img/competitions/top14.png
29,26,-3,castres-olympique,Castres Olympique,Castres Olympique,1469,1474,-5,assets/img/clubs/castres-olympique.png,TOP14,assets/img/competitions/top14.png
30,32,2,edinburgh,Edinburgh Rugby,Edinburgh,1462,1447,15,assets/img/clubs/edinburgh.svg,URC,assets/img/competitions/urc.svg
31,27,-4,harlequins,Harlequins,Harlequins,1458,1474,-16,assets/img/clubs/harlequins.png,PREMIERSHIP,assets/img/competitions/premiership.png
32,31,-1,cardiff-rugby,Cardiff Rugby,Cardiff Rugby,1458,1454,4,assets/img/clubs/cardiff-rugby.png,URC,assets/img/competitions/urc.svg
33,33,0,benetton,Benetton Rugby,Benetton,1431,1445,-14,assets/img/clubs/benetton.png,URC,assets/img/competitions/urc.svg
34,34,0,usa-perpignan,USA Perpignan,USA Perpignan,1371,1379,-8,assets/img/clubs/usa-perpignan.png,TOP14,assets/img/competitions/top14.png
35,36,1,ospreys,Ospreys,Ospreys,1346,1356,-10,assets/img/clubs/ospreys.svg,URC,assets/img/competitions/urc.svg
36,35,-1,scarlets,Scarlets,Scarlets,1343,1357,-14,assets/img/clubs/scarlets.png,URC,assets/img/competitions/urc.svg
37,37,0,dragons,Dragons RFC,Dragons,1264,1250,14,assets/img/clubs/dragons.png,URC,assets/img/competitions/urc.svg
38,38,0,cheetahs,Cheetahs,Cheetahs,1238,1238,0,assets/img/clubs/cheetahs.png,INVITED,assets/img/competitions/invited.svg
39,40,1,black-lion,Black Lion,Black Lion,1211,1211,0,assets/img/clubs/black-lion.svg,INVITED,assets/img/competitions/invited.svg
40,39,-1,zebre,Zebre Parma,Zebre,1208,1212,-4,assets/img/clubs/zebre.svg,URC,assets/img/competitions/urc.svg
41,41,0,newcastle-red-bulls,Newcastle Red Bulls,Newcastle Red Bulls,1157,1159,-2,assets/img/clubs/newcastle-red-bulls.png,PREMIERSHIP,assets/img/competitions/premiership.png
42,42,0,rc-vannes,RC Vannes,RC Vannes,1143,1146,-3,assets/img/clubs/rc-vannes.png,TOP14,assets/img/competitions/top14.png
